detector type,Keypoint detection time(ms),detected points,ROI points,descriptor type,descriptor time taken(ms),matcher type,selector type,Matcher time taken(ms),No of matched points
HARRIS,31.1521,339,52,FREAK,52.2755,NA,NA,NA,NA
HARRIS,28.7235,286,40,FREAK,49.5191,MAT_BF,SEL_KNN,0.291522,19
HARRIS,25.7662,349,63,FREAK,48.574,MAT_BF,SEL_KNN,0.269427,3
HARRIS,26.4896,356,57,FREAK,57.001,MAT_BF,SEL_KNN,0.314827,11
HARRIS,27.6547,521,83,FREAK,47.7825,MAT_BF,SEL_KNN,0.419303,9
HARRIS,145.241,2611,317,FREAK,48.7554,MAT_BF,SEL_KNN,1.69366,14
HARRIS,23.0692,200,37,FREAK,47.4409,MAT_BF,SEL_KNN,0.897698,35
HARRIS,36.3346,806,135,FREAK,48.3914,MAT_BF,SEL_KNN,0.41536,2
HARRIS,30.0395,572,99,FREAK,50.31,MAT_BF,SEL_KNN,1.36612,29
HARRIS,74.6046,1471,194,FREAK,51.9441,MAT_BF,SEL_KNN,1.27804,12
HARRIS,23.6807,339,52,BRIEF,0.502426,NA,NA,NA,NA
HARRIS,23.5099,286,40,BRIEF,0.606277,MAT_BF,SEL_KNN,0.250494,23
HARRIS,24.9378,349,63,BRIEF,0.633618,MAT_BF,SEL_KNN,0.167956,12
HARRIS,26.6385,356,57,BRIEF,0.520869,MAT_BF,SEL_KNN,0.210212,19
HARRIS,27.316,521,83,BRIEF,0.578454,MAT_BF,SEL_KNN,0.241922,13
HARRIS,144.154,2611,317,BRIEF,1.29418,MAT_BF,SEL_KNN,0.952978,11
HARRIS,25.1895,200,37,BRIEF,0.482195,MAT_BF,SEL_KNN,0.547053,41
HARRIS,36.6186,806,135,BRIEF,0.734532,MAT_BF,SEL_KNN,0.25238,6
HARRIS,28.658,572,99,BRIEF,0.943573,MAT_BF,SEL_KNN,0.529847,28
HARRIS,62.3059,1471,194,BRIEF,0.920255,MAT_BF,SEL_KNN,0.704624,22
HARRIS,27.6088,339,52,ORB,0.96791,NA,NA,NA,NA
HARRIS,27.4419,286,40,ORB,0.840342,MAT_BF,SEL_KNN,0.171707,21
HARRIS,25.2663,349,63,ORB,0.938236,MAT_BF,SEL_KNN,0.182417,9
HARRIS,26.0579,356,57,ORB,1.23228,MAT_BF,SEL_KNN,0.2526,22
HARRIS,29.4018,521,83,ORB,0.948836,MAT_BF,SEL_KNN,0.376626,14
HARRIS,141.989,2611,317,ORB,1.33783,MAT_BF,SEL_KNN,0.947401,8
HARRIS,27.8131,200,37,ORB,0.964676,MAT_BF,SEL_KNN,0.616494,45
HARRIS,34.8241,806,135,ORB,1.08288,MAT_BF,SEL_KNN,0.274976,3
HARRIS,28.5127,572,99,ORB,1.54087,MAT_BF,SEL_KNN,0.635327,29
HARRIS,62.5597,1471,194,ORB,1.16994,MAT_BF,SEL_KNN,0.797032,21
HARRIS,26.2748,339,52,SIFT,18.5009,NA,NA,NA,NA
HARRIS,23.281,286,40,SIFT,20.2709,MAT_BF,SEL_KNN,0.188787,17
HARRIS,27.7519,349,63,SIFT,18.7449,MAT_BF,SEL_KNN,0.196528,4
HARRIS,27.6716,356,57,SIFT,16.5377,MAT_BF,SEL_KNN,0.374749,14
HARRIS,29.4642,521,83,SIFT,18.1799,MAT_BF,SEL_KNN,0.423089,13
HARRIS,148.596,2611,317,SIFT,35.3893,MAT_BF,SEL_KNN,1.05925,7
HARRIS,24.556,200,37,SIFT,15.2216,MAT_BF,SEL_KNN,0.662524,64
HARRIS,35.7371,806,135,SIFT,24.029,MAT_BF,SEL_KNN,0.242885,4
HARRIS,30.1719,572,99,SIFT,17.7458,MAT_BF,SEL_KNN,0.658508,24
HARRIS,64.0417,1471,194,SIFT,23.2988,MAT_BF,SEL_KNN,0.830669,12
HARRIS,30.5055,339,52,BRISK,0.844402,NA,NA,NA,NA
HARRIS,26.2543,286,40,BRISK,0.706608,MAT_BF,SEL_KNN,0.235466,22
HARRIS,26.5389,349,63,BRISK,0.941365,MAT_BF,SEL_KNN,0.260977,9
HARRIS,32.2577,356,57,BRISK,0.891427,MAT_BF,SEL_KNN,0.332622,14
HARRIS,29.2375,521,83,BRISK,1.17889,MAT_BF,SEL_KNN,0.406891,10
HARRIS,145.504,2611,317,BRISK,3.52332,MAT_BF,SEL_KNN,1.67981,8
HARRIS,24.7885,200,37,BRISK,0.680195,MAT_BF,SEL_KNN,0.907721,35
HARRIS,35.6731,806,135,BRISK,1.66379,MAT_BF,SEL_KNN,0.414207,2
HARRIS,30.004,572,99,BRISK,1.29882,MAT_BF,SEL_KNN,0.945026,28
HARRIS,63.0765,1471,194,BRISK,2.25367,MAT_BF,SEL_KNN,1.28538,16
SIFT,154.289,1438,149,FREAK,49.989,NA,NA,NA,NA
SIFT,163.572,1371,139,FREAK,48.2265,MAT_BF,SEL_KNN,1.30184,59
SIFT,163.149,1380,132,FREAK,49.4963,MAT_BF,SEL_KNN,2.12447,62
SIFT,163.25,1335,142,FREAK,49.3582,MAT_BF,SEL_KNN,1.16304,54
SIFT,160.717,1305,144,FREAK,49.8703,MAT_BF,SEL_KNN,1.28133,63
SIFT,166.959,1370,145,FREAK,49.3916,MAT_BF,SEL_KNN,1.31553,56
SIFT,164.141,1396,142,FREAK,49.6018,MAT_BF,SEL_KNN,1.34214,53
SIFT,165.18,1382,154,FREAK,49.8179,MAT_BF,SEL_KNN,1.369,50
SIFT,177.678,1463,162,FREAK,49.7169,MAT_BF,SEL_KNN,1.54631,54
SIFT,165.523,1422,142,FREAK,49.2718,MAT_BF,SEL_KNN,1.47024,68
SIFT,168.297,1438,149,BRIEF,0.798116,NA,NA,NA,NA
SIFT,162.923,1371,139,BRIEF,0.742073,MAT_BF,SEL_KNN,0.699315,63
SIFT,164.278,1380,132,BRIEF,0.703454,MAT_BF,SEL_KNN,0.638007,71
SIFT,165.891,1335,142,BRIEF,0.797107,MAT_BF,SEL_KNN,0.656693,61
SIFT,162.819,1305,144,BRIEF,0.793088,MAT_BF,SEL_KNN,0.782306,66
SIFT,163.277,1370,145,BRIEF,0.783763,MAT_BF,SEL_KNN,0.756917,56
SIFT,163.519,1396,142,BRIEF,0.802845,MAT_BF,SEL_KNN,0.743837,59
SIFT,165.083,1382,154,BRIEF,0.846096,MAT_BF,SEL_KNN,0.767129,70
SIFT,163.268,1463,162,BRIEF,0.822782,MAT_BF,SEL_KNN,0.86699,72
SIFT,162.983,1422,142,BRIEF,0.763435,MAT_BF,SEL_KNN,0.833526,85
SIFT,160.768,1438,149,SIFT,84.9422,NA,NA,NA,NA
SIFT,123.662,1371,139,SIFT,88.1257,MAT_BF,SEL_KNN,0.924283,88
SIFT,126.11,1380,132,SIFT,83.0738,MAT_BF,SEL_KNN,0.818335,83
SIFT,123.034,1335,142,SIFT,82.6581,MAT_BF,SEL_KNN,0.852951,86
SIFT,125.894,1305,144,SIFT,84.9241,MAT_BF,SEL_KNN,0.885928,98
SIFT,122.403,1370,145,SIFT,86.8191,MAT_BF,SEL_KNN,0.894435,98
SIFT,127.966,1396,142,SIFT,92.4669,MAT_BF,SEL_KNN,0.892059,85
SIFT,132.183,1382,154,SIFT,102.069,MAT_BF,SEL_KNN,0.949167,86
SIFT,126.55,1463,162,SIFT,82.0959,MAT_BF,SEL_KNN,1.05261,101
SIFT,119.577,1422,142,SIFT,82.2637,MAT_BF,SEL_KNN,0.978858,103
SIFT,157.456,1438,149,BRISK,1.84448,NA,NA,NA,NA
SIFT,136.216,1371,139,BRISK,1.78706,MAT_BF,SEL_KNN,1.38424,56
SIFT,129.686,1380,132,BRISK,2.55282,MAT_BF,SEL_KNN,1.23992,60
SIFT,160.502,1335,142,BRISK,1.74338,MAT_BF,SEL_KNN,1.30541,57
SIFT,160.038,1305,144,BRISK,1.75059,MAT_BF,SEL_KNN,1.36133,62
SIFT,167.308,1370,145,BRISK,1.76813,MAT_BF,SEL_KNN,1.36524,57
SIFT,164.338,1396,142,BRISK,1.74125,MAT_BF,SEL_KNN,1.39621,55
SIFT,160.68,1382,154,BRISK,1.86187,MAT_BF,SEL_KNN,1.53335,56
SIFT,164.544,1463,162,BRISK,1.91589,MAT_BF,SEL_KNN,1.67196,65
SIFT,161.539,1422,142,BRISK,1.7329,MAT_BF,SEL_KNN,1.59271,74
FAST,2.59191,5063,463,FREAK,55.4031,NA,NA,NA,NA
FAST,2.31606,4952,463,FREAK,53.3225,MAT_BF,SEL_KNN,14.4891,179
FAST,2.27405,4863,424,FREAK,50.7456,MAT_BF,SEL_KNN,14.0541,178
FAST,2.34296,4840,452,FREAK,51.5047,MAT_BF,SEL_KNN,12.0515,156
FAST,2.68918,4856,418,FREAK,49.6869,MAT_BF,SEL_KNN,15.977,183
FAST,2.24199,4899,433,FREAK,51.9008,MAT_BF,SEL_KNN,10.0051,156
FAST,2.28174,4870,445,FREAK,50.7347,MAT_BF,SEL_KNN,12.505,174
FAST,2.32058,4868,420,FREAK,50.9842,MAT_BF,SEL_KNN,12.1529,193
FAST,2.32668,4996,424,FREAK,49.8598,MAT_BF,SEL_KNN,14.0353,166
FAST,2.38426,4997,418,FREAK,51.9576,MAT_BF,SEL_KNN,10.0403,170
FAST,2.48109,5063,463,BRIEF,1.5806,NA,NA,NA,NA
FAST,2.38615,4952,463,BRIEF,1.63044,MAT_BF,SEL_KNN,6.04563,230
FAST,2.28737,4863,424,BRIEF,1.61163,MAT_BF,SEL_KNN,5.61244,251
FAST,2.26406,4840,452,BRIEF,2.39246,MAT_BF,SEL_KNN,5.57231,234
FAST,2.54515,4856,418,BRIEF,1.53974,MAT_BF,SEL_KNN,9.23355,251
FAST,2.21614,4899,433,BRIEF,1.59408,MAT_BF,SEL_KNN,5.20209,219
FAST,2.64925,4870,445,BRIEF,2.84128,MAT_BF,SEL_KNN,6.02619,241
FAST,2.26841,4868,420,BRIEF,1.55756,MAT_BF,SEL_KNN,8.98429,243
FAST,2.351,4996,424,BRIEF,1.61043,MAT_BF,SEL_KNN,5.16871,258
FAST,2.32216,4997,418,BRIEF,2.68627,MAT_BF,SEL_KNN,5.5411,238
FAST,2.28255,5063,463,ORB,1.51986,NA,NA,NA,NA
FAST,2.29388,4952,463,ORB,1.75872,MAT_BF,SEL_KNN,9.1979,223
FAST,2.65687,4863,424,ORB,1.49652,MAT_BF,SEL_KNN,5.4792,216
FAST,2.68469,4840,452,ORB,2.4398,MAT_BF,SEL_KNN,6.98643,209
FAST,2.29936,4856,418,ORB,1.44736,MAT_BF,SEL_KNN,10.4008,221
FAST,2.3004,4899,433,ORB,1.50288,MAT_BF,SEL_KNN,5.00545,212
FAST,2.49102,4870,445,ORB,1.49285,MAT_BF,SEL_KNN,5.41336,226
FAST,2.33612,4868,420,ORB,1.43921,MAT_BF,SEL_KNN,5.33659,245
FAST,2.5906,4996,424,ORB,1.4839,MAT_BF,SEL_KNN,5.02991,226
FAST,2.83852,4997,418,ORB,1.49163,MAT_BF,SEL_KNN,10.5615,237
FAST,2.31813,5063,463,SIFT,55.7553,NA,NA,NA,NA
FAST,2.29363,4952,463,SIFT,54.5858,MAT_BF,SEL_KNN,7.37209,334
FAST,2.04513,4863,424,SIFT,48.5361,MAT_BF,SEL_KNN,9.98994,333
FAST,2.22394,4840,452,SIFT,55.712,MAT_BF,SEL_KNN,8.75427,304
FAST,2.29946,4856,418,SIFT,54.6427,MAT_BF,SEL_KNN,7.18537,325
FAST,2.42559,4899,433,SIFT,48.8134,MAT_BF,SEL_KNN,6.38912,304
FAST,2.25432,4870,445,SIFT,55.3685,MAT_BF,SEL_KNN,6.64012,334
FAST,1.9798,4868,420,SIFT,47.2518,MAT_BF,SEL_KNN,7.10642,331
FAST,2.11754,4996,424,SIFT,50.4372,MAT_BF,SEL_KNN,6.21454,308
FAST,2.32636,4997,418,SIFT,53.7927,MAT_BF,SEL_KNN,6.19535,320
FAST,2.63537,5063,463,BRISK,5.95289,NA,NA,NA,NA
FAST,2.27882,4952,463,BRISK,5.2123,MAT_BF,SEL_KNN,14.0144,213
FAST,2.38365,4863,424,BRISK,5.11268,MAT_BF,SEL_KNN,12.9784,208
FAST,2.37374,4840,452,BRISK,5.07954,MAT_BF,SEL_KNN,12.7072,183
FAST,2.27265,4856,418,BRISK,4.544,MAT_BF,SEL_KNN,12.7957,203
FAST,2.32089,4899,433,BRISK,4.63844,MAT_BF,SEL_KNN,11.631,184
FAST,2.26675,4870,445,BRISK,4.99101,MAT_BF,SEL_KNN,12.8767,200
FAST,2.58779,4868,420,BRISK,4.5142,MAT_BF,SEL_KNN,12.4902,211
FAST,2.43054,4996,424,BRISK,4.57648,MAT_BF,SEL_KNN,11.2657,201
FAST,2.3855,4997,418,BRISK,4.48021,MAT_BF,SEL_KNN,11.3979,204
BRISK,43.5325,2757,255,FREAK,52.8896,NA,NA,NA,NA
BRISK,42.5834,2777,275,FREAK,51.3497,MAT_BF,SEL_KNN,3.61968,108
BRISK,42.8818,2741,278,FREAK,50.0529,MAT_BF,SEL_KNN,4.04095,117
BRISK,42.3478,2735,279,FREAK,50.0978,MAT_BF,SEL_KNN,4.13516,114
BRISK,42.8705,2757,298,FREAK,49.9932,MAT_BF,SEL_KNN,4.30039,115
BRISK,42.0873,2695,277,FREAK,50.1895,MAT_BF,SEL_KNN,4.26261,101
BRISK,42.6598,2715,293,FREAK,50.5526,MAT_BF,SEL_KNN,4.18951,129
BRISK,41.6388,2628,271,FREAK,49.7892,MAT_BF,SEL_KNN,4.1601,135
BRISK,42.1742,2639,259,FREAK,50.0188,MAT_BF,SEL_KNN,3.65679,124
BRISK,41.8366,2672,250,FREAK,49.7873,MAT_BF,SEL_KNN,3.37239,129
BRISK,41.8089,2757,255,BRIEF,1.05899,NA,NA,NA,NA
BRISK,42.2237,2777,275,BRIEF,1.12621,MAT_BF,SEL_KNN,2.3449,136
BRISK,42.7219,2741,278,BRIEF,1.14183,MAT_BF,SEL_KNN,2.53981,160
BRISK,42.0232,2735,279,BRIEF,1.14101,MAT_BF,SEL_KNN,2.61314,130
BRISK,42.6729,2757,298,BRIEF,1.18137,MAT_BF,SEL_KNN,2.68779,142
BRISK,42.4874,2695,277,BRIEF,1.16591,MAT_BF,SEL_KNN,2.65865,149
BRISK,43.0487,2715,293,BRIEF,1.13504,MAT_BF,SEL_KNN,2.59226,153
BRISK,41.4029,2628,271,BRIEF,1.08165,MAT_BF,SEL_KNN,2.59154,157
BRISK,42.3665,2639,259,BRIEF,1.10354,MAT_BF,SEL_KNN,2.29576,158
BRISK,42.1663,2672,250,BRIEF,1.04405,MAT_BF,SEL_KNN,2.15755,145
BRISK,42.8262,2757,255,ORB,2.18076,NA,NA,NA,NA
BRISK,43.2792,2777,275,ORB,2.27421,MAT_BF,SEL_KNN,2.30568,108
BRISK,42.4799,2741,278,ORB,2.18849,MAT_BF,SEL_KNN,2.5805,116
BRISK,42.2083,2735,279,ORB,2.28919,MAT_BF,SEL_KNN,2.59986,107
BRISK,43.2743,2757,298,ORB,2.2712,MAT_BF,SEL_KNN,2.67293,98
BRISK,41.86,2695,277,ORB,2.19518,MAT_BF,SEL_KNN,2.64291,109
BRISK,42.2337,2715,293,ORB,2.24266,MAT_BF,SEL_KNN,2.63259,122
BRISK,41.9462,2628,271,ORB,2.21175,MAT_BF,SEL_KNN,2.5625,123
BRISK,42.0192,2639,259,ORB,2.39506,MAT_BF,SEL_KNN,2.34191,112
BRISK,42.0896,2672,250,ORB,2.18356,MAT_BF,SEL_KNN,2.258,120
BRISK,42.2961,2757,255,SIFT,61.5868,NA,NA,NA,NA
BRISK,42.8048,2777,275,SIFT,59.5103,MAT_BF,SEL_KNN,2.55966,177
BRISK,43.1586,2741,278,SIFT,60.9924,MAT_BF,SEL_KNN,2.77915,187
BRISK,42.2434,2735,279,SIFT,63.335,MAT_BF,SEL_KNN,2.8174,173
BRISK,42.9116,2757,298,SIFT,63.8047,MAT_BF,SEL_KNN,2.98543,180
BRISK,42.0895,2695,277,SIFT,60.6718,MAT_BF,SEL_KNN,2.94963,169
BRISK,42.8119,2715,293,SIFT,63.7096,MAT_BF,SEL_KNN,2.96184,190
BRISK,41.8593,2628,271,SIFT,61.478,MAT_BF,SEL_KNN,2.93289,197
BRISK,42.6977,2639,259,SIFT,60.2798,MAT_BF,SEL_KNN,2.54483,174
BRISK,42.0056,2672,250,SIFT,57.3938,MAT_BF,SEL_KNN,2.37103,182
BRISK,43.5806,2757,255,BRISK,3.04531,NA,NA,NA,NA
BRISK,44.4021,2777,275,BRISK,3.19138,MAT_BF,SEL_KNN,4.27851,136
BRISK,42.5583,2741,278,BRISK,3.29135,MAT_BF,SEL_KNN,4.71512,137
BRISK,42.028,2735,279,BRISK,3.23849,MAT_BF,SEL_KNN,4.7146,134
BRISK,42.8323,2757,298,BRISK,3.51115,MAT_BF,SEL_KNN,5.03108,141
BRISK,50.5888,2695,277,BRISK,3.26892,MAT_BF,SEL_KNN,5.02557,137
BRISK,41.8213,2715,293,BRISK,3.37642,MAT_BF,SEL_KNN,4.92534,154
BRISK,42.8605,2628,271,BRISK,3.23326,MAT_BF,SEL_KNN,5.04755,136
BRISK,42.2759,2639,259,BRISK,3.06174,MAT_BF,SEL_KNN,4.28447,148
BRISK,42.5067,2672,250,BRISK,3.00985,MAT_BF,SEL_KNN,4.01235,155
SHITOMASI,15.755,1370,125,FREAK,49.3223,NA,NA,NA,NA
SHITOMASI,13.775,1301,120,FREAK,48.4175,MAT_BF,SEL_KNN,1.01907,69
SHITOMASI,12.8388,1361,127,FREAK,47.8895,MAT_BF,SEL_KNN,1.16288,68
SHITOMASI,12.9187,1358,124,FREAK,47.8463,MAT_BF,SEL_KNN,1.02557,64
SHITOMASI,14.1726,1333,120,FREAK,47.6917,MAT_BF,SEL_KNN,0.990359,62
SHITOMASI,13.5708,1284,118,FREAK,47.9474,MAT_BF,SEL_KNN,0.95684,62
SHITOMASI,14.1935,1322,119,FREAK,47.343,MAT_BF,SEL_KNN,0.968189,62
SHITOMASI,12.7047,1366,125,FREAK,47.3987,MAT_BF,SEL_KNN,1.01304,58
SHITOMASI,14.0046,1389,118,FREAK,48.8335,MAT_BF,SEL_KNN,0.974151,65
SHITOMASI,12.5568,1339,112,FREAK,47.7386,MAT_BF,SEL_KNN,0.967301,61
SHITOMASI,14.0531,1370,125,BRIEF,0.584824,NA,NA,NA,NA
SHITOMASI,13.0043,1301,120,BRIEF,0.585885,MAT_BF,SEL_KNN,0.570064,95
SHITOMASI,13.5132,1361,127,BRIEF,0.630526,MAT_BF,SEL_KNN,0.581702,95
SHITOMASI,11.7266,1358,124,BRIEF,0.595461,MAT_BF,SEL_KNN,0.590917,93
SHITOMASI,11.6616,1333,120,BRIEF,0.575469,MAT_BF,SEL_KNN,0.548757,91
SHITOMASI,13.7534,1284,118,BRIEF,0.590878,MAT_BF,SEL_KNN,0.534634,93
SHITOMASI,11.9906,1322,119,BRIEF,0.9426,MAT_BF,SEL_KNN,0.496916,94
SHITOMASI,11.5484,1366,125,BRIEF,0.556349,MAT_BF,SEL_KNN,0.522749,86
SHITOMASI,14.8481,1389,118,BRIEF,0.571226,MAT_BF,SEL_KNN,0.542266,90
SHITOMASI,12.6819,1339,112,BRIEF,0.548508,MAT_BF,SEL_KNN,0.495291,85
SHITOMASI,11.6791,1370,125,ORB,0.924134,NA,NA,NA,NA
SHITOMASI,11.8117,1301,120,ORB,0.991146,MAT_BF,SEL_KNN,0.632871,84
SHITOMASI,12.7714,1361,127,ORB,0.958391,MAT_BF,SEL_KNN,0.616898,85
SHITOMASI,11.5326,1358,124,ORB,0.961229,MAT_BF,SEL_KNN,0.626407,85
SHITOMASI,13.3367,1333,120,ORB,0.934346,MAT_BF,SEL_KNN,0.601557,88
SHITOMASI,14.7941,1284,118,ORB,0.927605,MAT_BF,SEL_KNN,0.583097,87
SHITOMASI,12.2546,1322,119,ORB,0.96466,MAT_BF,SEL_KNN,0.567804,76
SHITOMASI,12.3217,1366,125,ORB,0.953357,MAT_BF,SEL_KNN,0.611345,82
SHITOMASI,11.9226,1389,118,ORB,0.941802,MAT_BF,SEL_KNN,0.601992,88
SHITOMASI,13.1235,1339,112,ORB,0.938072,MAT_BF,SEL_KNN,0.555548,87
SHITOMASI,12.2079,1370,125,SIFT,17.2701,NA,NA,NA,NA
SHITOMASI,12.4736,1301,120,SIFT,18.0096,MAT_BF,SEL_KNN,0.722265,108
SHITOMASI,14.8148,1361,127,SIFT,18.8706,MAT_BF,SEL_KNN,0.717437,109
SHITOMASI,17.5082,1358,124,SIFT,17.2846,MAT_BF,SEL_KNN,0.721256,104
SHITOMASI,13.9209,1333,120,SIFT,16.6192,MAT_BF,SEL_KNN,0.713533,107
SHITOMASI,13.5874,1284,118,SIFT,16.888,MAT_BF,SEL_KNN,0.658636,103
SHITOMASI,18.7319,1322,119,SIFT,16.1925,MAT_BF,SEL_KNN,0.677963,102
SHITOMASI,13.3757,1366,125,SIFT,15.5306,MAT_BF,SEL_KNN,0.694074,97
SHITOMASI,13.4112,1389,118,SIFT,20.1374,MAT_BF,SEL_KNN,6.33176,108
SHITOMASI,12.3791,1339,112,SIFT,19.8962,MAT_BF,SEL_KNN,0.664026,101
SHITOMASI,19.7741,1370,125,BRISK,1.61282,NA,NA,NA,NA
SHITOMASI,13.013,1301,120,BRISK,1.55315,MAT_BF,SEL_KNN,1.01265,84
SHITOMASI,13.1634,1361,127,BRISK,1.61719,MAT_BF,SEL_KNN,1.03687,79
SHITOMASI,13.31,1358,124,BRISK,1.58005,MAT_BF,SEL_KNN,1.10798,71
SHITOMASI,13.7972,1333,120,BRISK,1.56781,MAT_BF,SEL_KNN,1.04392,76
SHITOMASI,13.5947,1284,118,BRISK,1.60921,MAT_BF,SEL_KNN,1.0294,73
SHITOMASI,12.9668,1322,119,BRISK,1.51147,MAT_BF,SEL_KNN,1.09817,69
SHITOMASI,12.8671,1366,125,BRISK,1.62081,MAT_BF,SEL_KNN,1.0454,76
SHITOMASI,13.2648,1389,118,BRISK,1.51899,MAT_BF,SEL_KNN,1.01583,81
SHITOMASI,13.0035,1339,112,BRISK,1.45549,MAT_BF,SEL_KNN,0.961534,70
AKAZE,101.83,1351,164,FREAK,47.9135,NA,NA,NA,NA
AKAZE,106.27,1327,159,FREAK,49.5699,MAT_BF,SEL_KNN,1.67825,101
AKAZE,106.259,1311,161,FREAK,48.8793,MAT_BF,SEL_KNN,1.71632,103
AKAZE,110.358,1351,156,FREAK,49.6643,MAT_BF,SEL_KNN,1.62373,95
AKAZE,114.587,1360,164,FREAK,50.1312,MAT_BF,SEL_KNN,1.69528,99
AKAZE,113.285,1347,165,FREAK,49.4387,MAT_BF,SEL_KNN,1.78745,97
AKAZE,113.092,1363,173,FREAK,49.5965,MAT_BF,SEL_KNN,1.97201,116
AKAZE,115.36,1331,177,FREAK,49.5174,MAT_BF,SEL_KNN,1.99983,126
AKAZE,112.814,1357,175,FREAK,50.1926,MAT_BF,SEL_KNN,2.00688,116
AKAZE,112.351,1331,176,FREAK,50.4478,MAT_BF,SEL_KNN,1.97519,113
AKAZE,113.788,1351,164,AKAZE,95.0444,NA,NA,NA,NA
AKAZE,106.728,1327,159,AKAZE,89.0671,MAT_BF,SEL_KNN,1.66794,128
AKAZE,106.01,1311,161,AKAZE,86.7969,MAT_BF,SEL_KNN,1.6455,128
AKAZE,98.5273,1351,156,AKAZE,91.2354,MAT_BF,SEL_KNN,1.63111,126
AKAZE,99.8413,1360,164,AKAZE,91.0134,MAT_BF,SEL_KNN,1.56537,118
AKAZE,102.239,1347,165,AKAZE,86.2084,MAT_BF,SEL_KNN,1.65745,121
AKAZE,103.212,1363,173,AKAZE,85.1063,MAT_BF,SEL_KNN,1.80616,132
AKAZE,101.876,1331,177,AKAZE,89.4471,MAT_BF,SEL_KNN,1.90837,137
AKAZE,98.7294,1357,175,AKAZE,90.7373,MAT_BF,SEL_KNN,1.92444,138
AKAZE,103.031,1331,176,AKAZE,82.8421,MAT_BF,SEL_KNN,1.89857,141
AKAZE,136.976,1351,164,BRIEF,0.891822,NA,NA,NA,NA
AKAZE,109.899,1327,159,BRIEF,0.77954,MAT_BF,SEL_KNN,0.912964,107
AKAZE,107.62,1311,161,BRIEF,0.856316,MAT_BF,SEL_KNN,0.910862,117
AKAZE,112.023,1351,156,BRIEF,0.837439,MAT_BF,SEL_KNN,0.912708,112
AKAZE,114.281,1360,164,BRIEF,0.835987,MAT_BF,SEL_KNN,0.94507,109
AKAZE,112.045,1347,165,BRIEF,0.845466,MAT_BF,SEL_KNN,0.963339,118
AKAZE,111.561,1363,173,BRIEF,1.80468,MAT_BF,SEL_KNN,1.00548,130
AKAZE,109.018,1331,177,BRIEF,1.75681,MAT_BF,SEL_KNN,1.08546,133
AKAZE,111.404,1357,175,BRIEF,1.8574,MAT_BF,SEL_KNN,1.11192,135
AKAZE,111.888,1331,176,BRIEF,0.896514,MAT_BF,SEL_KNN,1.07975,128
AKAZE,114.28,1351,164,ORB,1.93088,NA,NA,NA,NA
AKAZE,111.929,1327,159,ORB,1.91415,MAT_BF,SEL_KNN,0.974108,99
AKAZE,112.918,1311,161,ORB,1.94721,MAT_BF,SEL_KNN,0.958112,95
AKAZE,109.546,1351,156,ORB,1.93302,MAT_BF,SEL_KNN,0.931853,100
AKAZE,111.177,1360,164,ORB,1.94587,MAT_BF,SEL_KNN,0.954865,84
AKAZE,111.868,1347,165,ORB,1.97968,MAT_BF,SEL_KNN,1.00246,94
AKAZE,111.619,1363,173,ORB,2.03266,MAT_BF,SEL_KNN,1.04555,113
AKAZE,107.914,1331,177,ORB,1.98342,MAT_BF,SEL_KNN,1.10681,105
AKAZE,107.935,1357,175,ORB,1.9759,MAT_BF,SEL_KNN,1.13507,115
AKAZE,109.457,1331,176,ORB,1.97751,MAT_BF,SEL_KNN,1.11602,113
AKAZE,114.235,1351,164,SIFT,32.7758,NA,NA,NA,NA
AKAZE,99.2316,1327,159,SIFT,33.3916,MAT_BF,SEL_KNN,1.08805,134
AKAZE,101.694,1311,161,SIFT,33.4259,MAT_BF,SEL_KNN,1.0828,136
AKAZE,101.662,1351,156,SIFT,33.4518,MAT_BF,SEL_KNN,1.04314,131
AKAZE,102.53,1360,164,SIFT,33.4962,MAT_BF,SEL_KNN,1.10082,137
AKAZE,98.9315,1347,165,SIFT,32.9162,MAT_BF,SEL_KNN,1.17784,138
AKAZE,104.685,1363,173,SIFT,33.8597,MAT_BF,SEL_KNN,1.16313,148
AKAZE,98.4518,1331,177,SIFT,34.5837,MAT_BF,SEL_KNN,1.2816,147
AKAZE,98.1032,1357,175,SIFT,34.8084,MAT_BF,SEL_KNN,1.23821,153
AKAZE,101.516,1331,176,SIFT,34.4251,MAT_BF,SEL_KNN,1.2506,149
AKAZE,112.684,1351,164,BRISK,1.95423,NA,NA,NA,NA
AKAZE,100.914,1327,159,BRISK,2.70893,MAT_BF,SEL_KNN,1.67587,125
AKAZE,110.504,1311,161,BRISK,1.95013,MAT_BF,SEL_KNN,1.66028,111
AKAZE,110.129,1351,156,BRISK,1.86109,MAT_BF,SEL_KNN,1.78187,120
AKAZE,109.447,1360,164,BRISK,2.00121,MAT_BF,SEL_KNN,1.73281,116
AKAZE,109.44,1347,165,BRISK,2.9126,MAT_BF,SEL_KNN,1.82812,113
AKAZE,111.09,1363,173,BRISK,2.3515,MAT_BF,SEL_KNN,1.86664,120
AKAZE,108.517,1331,177,BRISK,2.10871,MAT_BF,SEL_KNN,1.9822,134
AKAZE,114.008,1357,175,BRISK,2.17074,MAT_BF,SEL_KNN,2.06463,138
AKAZE,108.894,1331,176,BRISK,2.89316,MAT_BF,SEL_KNN,2.06844,125
ORB,5.44624,467,74,FREAK,52.9489,NA,NA,NA,NA
ORB,3.51459,467,80,FREAK,47.2003,MAT_BF,SEL_KNN,0.211677,21
ORB,3.76918,467,89,FREAK,49.5262,MAT_BF,SEL_KNN,0.193885,26
ORB,4.25744,467,85,FREAK,47.3499,MAT_BF,SEL_KNN,0.349573,34
ORB,4.41406,467,87,FREAK,47.386,MAT_BF,SEL_KNN,0.201444,26
ORB,3.81894,467,87,FREAK,49.1642,MAT_BF,SEL_KNN,0.231088,24
ORB,3.82059,467,89,FREAK,49.7424,MAT_BF,SEL_KNN,0.253021,35
ORB,3.95157,467,91,FREAK,49.2475,MAT_BF,SEL_KNN,0.254593,28
ORB,4.12211,467,90,FREAK,48.0534,MAT_BF,SEL_KNN,0.267838,31
ORB,4.07536,467,79,FREAK,49.7246,MAT_BF,SEL_KNN,0.24451,35
ORB,3.57576,467,74,BRIEF,0.555631,NA,NA,NA,NA
ORB,3.52129,467,80,BRIEF,0.53972,MAT_BF,SEL_KNN,0.275131,38
ORB,3.57198,467,89,BRIEF,0.560984,MAT_BF,SEL_KNN,0.313934,51
ORB,3.51267,467,85,BRIEF,0.528625,MAT_BF,SEL_KNN,0.342718,53
ORB,4.72939,467,87,BRIEF,0.853566,MAT_BF,SEL_KNN,0.381071,46
ORB,3.54887,467,87,BRIEF,0.600937,MAT_BF,SEL_KNN,0.336188,46
ORB,3.91281,467,89,BRIEF,0.583695,MAT_BF,SEL_KNN,0.386698,56
ORB,4.20962,467,91,BRIEF,0.602222,MAT_BF,SEL_KNN,0.350305,56
ORB,3.66847,467,90,BRIEF,0.587567,MAT_BF,SEL_KNN,0.352087,56
ORB,4.94671,467,79,BRIEF,0.975189,MAT_BF,SEL_KNN,0.317735,56
ORB,3.61226,467,74,ORB,1.74481,NA,NA,NA,NA
ORB,4.47177,467,80,ORB,2.19569,MAT_BF,SEL_KNN,0.336944,38
ORB,3.52602,467,89,ORB,1.74286,MAT_BF,SEL_KNN,0.347421,49
ORB,3.47602,467,85,ORB,1.71716,MAT_BF,SEL_KNN,0.574034,41
ORB,3.47733,467,87,ORB,1.78109,MAT_BF,SEL_KNN,0.375433,40
ORB,3.48471,467,87,ORB,1.75639,MAT_BF,SEL_KNN,0.378042,42
ORB,3.5676,467,89,ORB,2.24593,MAT_BF,SEL_KNN,0.388708,57
ORB,3.5788,467,91,ORB,1.83162,MAT_BF,SEL_KNN,0.384134,53
ORB,4.68977,467,90,ORB,2.43901,MAT_BF,SEL_KNN,0.41082,49
ORB,3.57054,467,79,ORB,1.80541,MAT_BF,SEL_KNN,0.357375,51
ORB,4.9572,467,74,SIFT,114.272,NA,NA,NA,NA
ORB,4.4623,467,80,SIFT,118.07,MAT_BF,SEL_KNN,0.33759,59
ORB,4.08182,467,89,SIFT,131.132,MAT_BF,SEL_KNN,0.365819,67
ORB,5.17766,467,85,SIFT,133.512,MAT_BF,SEL_KNN,0.425767,77
ORB,4.55856,467,87,SIFT,133.698,MAT_BF,SEL_KNN,0.410286,65
ORB,4.03381,467,87,SIFT,135.467,MAT_BF,SEL_KNN,0.456017,69
ORB,4.00077,467,89,SIFT,137.626,MAT_BF,SEL_KNN,0.384899,75
ORB,3.75187,467,91,SIFT,145.532,MAT_BF,SEL_KNN,0.436322,68
ORB,4.07588,467,90,SIFT,140.172,MAT_BF,SEL_KNN,0.441743,75
ORB,4.20267,467,79,SIFT,126.287,MAT_BF,SEL_KNN,0.40153,71
ORB,3.91602,467,74,BRISK,0.983738,NA,NA,NA,NA
ORB,4.01974,467,80,BRISK,0.966241,MAT_BF,SEL_KNN,0.318902,44
ORB,4.08106,467,89,BRISK,1.14902,MAT_BF,SEL_KNN,0.349693,45
ORB,4.39094,467,85,BRISK,1.06856,MAT_BF,SEL_KNN,0.43671,48
ORB,4.04073,467,87,BRISK,1.0639,MAT_BF,SEL_KNN,0.388932,49
ORB,4.11045,467,87,BRISK,1.09099,MAT_BF,SEL_KNN,0.418257,47
ORB,4.04573,467,89,BRISK,1.13584,MAT_BF,SEL_KNN,0.399006,53
ORB,4.13337,467,91,BRISK,1.10485,MAT_BF,SEL_KNN,0.40556,39
ORB,4.17503,467,90,BRISK,1.1152,MAT_BF,SEL_KNN,0.440363,45
ORB,4.17843,467,79,BRISK,1.02402,MAT_BF,SEL_KNN,0.389005,44
